encoder,mode,photo,label,group_top1,group_top5,exact_top1,top5
dinov2-small,full,base1-12.jpg,base1-12,True,True,False,base6-17 (0.822) | base1-12 (0.817) | base4-13 (0.802) | base2-1 (0.747) | base2-14 (0.709)
dinov2-small,full,base1-14.jpg,base1-14,False,False,False,base2-32 (0.738) | base3-29 (0.726) | base4-64 (0.724) | base2-48 (0.716) | base3-14 (0.708)
dinov2-small,full,base1-2_3.png,base1-2,False,True,False,base2-32 (0.682) | base1-2 (0.680) | base2-17 (0.674) | base4-2 (0.670) | base3-4 (0.669)
dinov2-small,full,base1-4.heic,base1-4,True,True,False,base4-4 (0.874) | base1-4 (0.874) | base6-3 (0.861) | base3-4 (0.778) | base3-14 (0.775)
dinov2-small,full,base1-4_3.jpg,base1-4,False,False,False,base3-4 (0.685) | base2-1 (0.681) | base2-6 (0.674) | base3-19 (0.667) | base1-31 (0.654)
dinov2-small,full,base1-4_4.heic,base1-4,True,True,False,base4-4 (0.817) | base1-4 (0.812) | base6-3 (0.801) | base3-4 (0.737) | base3-14 (0.732)
dinov2-small,full,base2-11.heic,base2-11,True,True,False,base4-30 (0.802) | base2-27 (0.798) | base2-11 (0.787) | base6-64 (0.771) | base1-5 (0.672)
dinov2-small,full,base2-7.heic,base2-7,False,True,False,base3-4 (0.752) | base2-5 (0.744) | base2-16 (0.723) | base2-7 (0.721) | base4-12 (0.716)
dinov2-small,full,base2-7_2.heic,base2-7,True,True,False,base4-12 (0.790) | base2-7 (0.788) | base4-2 (0.769) | base2-23 (0.761) | base6-32 (0.756)
dinov2-small,full,base3-13.jpg,base3-13,True,True,False,base3-28 (0.742) | base3-13 (0.741) | base6-16 (0.728) | base4-78 (0.617) | base3-4 (0.601)
dinov2-small,full,base3-20_2.heic,base3-20,False,True,False,base4-59 (0.540) | base1-20 (0.534) | base6-35 (0.531) | base3-20 (0.530) | base4-24 (0.528)
dinov2-small,full,base3-20_3.jpg,base3-20,False,False,False,base4-59 (0.557) | base6-35 (0.543) | base2-45 (0.531) | base4-24 (0.529) | base3-57 (0.526)
dinov2-small,full,base3-3.heic,base3-3,True,True,False,base3-18 (0.663) | base3-3 (0.660) | base6-16 (0.526) | base1-90 (0.509) | base2-1 (0.508)
dinov2-small,full,base4-3.jpg,base4-3,True,True,False,base1-3 (0.795) | base4-3 (0.773) | base4-6 (0.731) | base1-5 (0.726) | base2-16 (0.709)
dinov2-small,full,base4-6.jpg,base4-6,True,True,False,base1-5 (0.761) | base4-6 (0.751) | base1-3 (0.715) | base2-1 (0.714) | base2-42 (0.692)
dinov2-small,full,base6-1.heic,base6-1,True,True,False,base1-1 (0.822) | base6-1 (0.805) | base4-1 (0.758) | base1-20 (0.746) | base4-46 (0.746)
dinov2-small,full,base6-1_2.png,base6-1,False,True,False,base2-1 (0.515) | base2-17 (0.510) | base1-1 (0.508) | base1-32 (0.500) | base4-46 (0.500)
dinov2-small,full,base6-25.png,base6-25,False,False,False,base3-12 (0.368) | base2-43 (0.362) | base6-59 (0.360) | base3-26 (0.356) | base3-7 (0.350)
dinov2-small,full,base6-43.heic,base6-43,False,False,False,base3-42 (0.573) | base2-1 (0.572) | base2-42 (0.561) | base3-38 (0.552) | base2-17 (0.545)
dinov2-small,art,base1-1.heic,base1-1,True,True,False,base4-1 (0.863) | base1-1 (0.856) | base6-1 (0.853) | base6-49 (0.746) | base1-11 (0.732)
dinov2-small,art,base1-12.jpg,base1-12,True,True,False,base4-13 (0.888) | base6-17 (0.882) | base1-12 (0.857) | base2-12 (0.647) | base2-28 (0.642)
dinov2-small,art,base1-15.jpg,base1-15,True,True,False,base6-18 (0.846) | base4-18 (0.829) | base1-15 (0.826) | base4-59 (0.648) | base6-8 (0.648)
dinov2-small,art,base1-2_2.heic,base1-2,True,True,False,base4-2 (0.659) | base1-2 (0.636) | base3-4 (0.604) | base4-12 (0.585) | base2-5 (0.582)
dinov2-small,art,base1-4.heic,base1-4,True,True,False,base6-3 (0.900) | base4-4 (0.893) | base1-4 (0.873) | base3-1 (0.712) | base3-16 (0.683)
dinov2-small,art,base2-11.heic,base2-11,True,True,False,base4-30 (0.880) | base6-64 (0.854) | base2-11 (0.853) | base2-27 (0.839) | base1-2 (0.666)
dinov2-small,art,base2-7.heic,base2-7,False,True,False,base1-11 (0.756) | base4-12 (0.756) | base1-5 (0.741) | base2-7 (0.736) | base4-73 (0.736)
dinov2-small,art,base2-7_2.heic,base2-7,True,True,False,base4-12 (0.893) | base2-7 (0.877) | base6-32 (0.836) | base4-53 (0.797) | base2-23 (0.788)
dinov2-small,art,base3-13.jpg,base3-13,True,True,False,base6-16 (0.753) | base3-28 (0.730) | base3-13 (0.712) | base3-38 (0.600) | base1-24 (0.580)
dinov2-small,art,base3-14_3.heic,base3-14,False,True,False,base4-80 (0.531) | base3-29 (0.526) | base3-14 (0.525) | base4-5 (0.521) | base4-77 (0.520)
dinov2-small,art,base3-20_2.heic,base3-20,False,True,False,base4-107 (0.429) | base3-20 (0.425) | base4-59 (0.417) | base3-19 (0.412) | base1-95 (0.412)
dinov2-small,art,base3-20_3.jpg,base3-20,False,True,False,base2-61 (0.428) | base3-20 (0.420) | base3-28 (0.420) | base6-90 (0.420) | base4-90 (0.419)
dinov2-small,art,base4-3.jpg,base4-3,True,True,False,base1-3 (0.733) | base4-3 (0.707) | base4-6 (0.701) | base1-5 (0.664) | base4-19 (0.650)
dinov2-small,art,base6-1_2.png,base6-1,True,True,False,base4-1 (0.577) | base6-1 (0.558) | base1-1 (0.557) | base6-49 (0.536) | base4-46 (0.511)
dinov2-small,art,base6-25.png,base6-25,False,False,False,base1-45 (0.354) | base4-68 (0.347) | base6-69 (0.339) | base3-12 (0.337) | base1-54 (0.337)
dinov2-small,art,base6-43.heic,base6-43,True,True,False,base3-35 (0.600) | base6-43 (0.585) | base3-38 (0.530) | base3-34 (0.517) | base2-17 (0.498)
MobileCLIP2-S0/dfndr2b,full,base1-1.heic,base1-1,True,True,False,base6-1 (0.912) | base1-1 (0.906) | base4-1 (0.904) | base1-8 (0.862) | base6-15 (0.855)
MobileCLIP2-S0/dfndr2b,full,base1-12.jpg,base1-12,True,True,False,base6-17 (0.952) | base4-13 (0.951) | base1-12 (0.911) | base6-13 (0.843) | base3-9 (0.841)
MobileCLIP2-S0/dfndr2b,full,base1-13.jpg,base1-13,True,True,False,base4-15 (0.915) | base1-13 (0.895) | base1-59 (0.818) | base4-57 (0.815) | base4-88 (0.805)
MobileCLIP2-S0/dfndr2b,full,base1-14.jpg,base1-14,True,True,False,base4-16 (0.932) | base1-14 (0.923) | base3-14 (0.899) | base3-29 (0.896) | base6-7 (0.889)
MobileCLIP2-S0/dfndr2b,full,base1-15.jpg,base1-15,True,True,False,base4-18 (0.912) | base6-18 (0.911) | base1-15 (0.889) | base6-15 (0.838) | base4-97 (0.835)
MobileCLIP2-S0/dfndr2b,full,base1-2_2.heic,base1-2,False,True,False,base6-15 (0.810) | base1-8 (0.803) | base6-12 (0.791) | base1-2 (0.785) | base1-10 (0.775)
MobileCLIP2-S0/dfndr2b,full,base1-3.jpg,base1-3,True,True,False,base4-3 (0.897) | base1-3 (0.889) | base1-5 (0.816) | base4-6 (0.786) | base4-4 (0.778)
MobileCLIP2-S0/dfndr2b,full,base1-4.heic,base1-4,True,True,False,base6-3 (0.975) | base4-4 (0.968) | base1-4 (0.948) | base6-37 (0.875) | base6-31 (0.872)
MobileCLIP2-S0/dfndr2b,full,base1-4_2.heic,base1-4,True,True,False,base6-3 (0.945) | base4-4 (0.932) | base1-4 (0.920) | base6-10 (0.859) | base2-45 (0.849)
MobileCLIP2-S0/dfndr2b,full,base1-4_3.jpg,base1-4,True,True,False,base6-3 (0.944) | base4-4 (0.939) | base1-4 (0.924) | base6-37 (0.857) | base1-14 (0.855)
MobileCLIP2-S0/dfndr2b,full,base1-4_4.heic,base1-4,True,True,False,base6-3 (0.952) | base4-4 (0.952) | base1-4 (0.934) | base2-55 (0.871) | base6-10 (0.869)
MobileCLIP2-S0/dfndr2b,full,base2-1.jpg,base2-1,True,True,False,base4-5 (0.912) | base2-1 (0.906) | base1-5 (0.871) | base2-17 (0.869) | base1-10 (0.849)
MobileCLIP2-S0/dfndr2b,full,base2-11.heic,base2-11,True,True,False,base4-30 (0.924) | base2-27 (0.914) | base2-11 (0.913) | base6-64 (0.906) | base4-75 (0.832)
MobileCLIP2-S0/dfndr2b,full,base3-13.jpg,base3-13,True,True,False,base3-28 (0.908) | base3-13 (0.899) | base6-16 (0.893) | base1-10 (0.823) | base2-55 (0.822)
MobileCLIP2-S0/dfndr2b,full,base3-14.heic,base3-14,False,True,False,base4-87 (0.847) | base3-14 (0.840) | base2-55 (0.838) | base1-58 (0.836) | base3-29 (0.835)
MobileCLIP2-S0/dfndr2b,full,base3-14_3.heic,base3-14,False,True,False,base4-87 (0.805) | base2-60 (0.804) | base3-14 (0.800) | base6-7 (0.796) | base3-29 (0.791)
MobileCLIP2-S0/dfndr2b,full,base3-20_2.heic,base3-20,True,True,False,base6-11 (0.811) | base4-87 (0.807) | base3-20 (0.806) | base3-5 (0.805) | base1-58 (0.792)
MobileCLIP2-S0/dfndr2b,full,base3-20_3.jpg,base3-20,False,True,False,base4-73 (0.793) | base3-5 (0.793) | base6-11 (0.789) | base4-87 (0.785) | base3-20 (0.782)
MobileCLIP2-S0/dfndr2b,full,base3-3.heic,base3-3,False,False,False,base2-55 (0.739) | base4-90 (0.736) | base6-90 (0.735) | base2-61 (0.733) | base4-58 (0.733)
MobileCLIP2-S0/dfndr2b,full,base3-3_2.heic,base3-3,True,True,False,base3-18 (0.881) | base3-3 (0.870) | base4-90 (0.782) | base2-55 (0.782) | base1-49 (0.780)
MobileCLIP2-S0/dfndr2b,full,base6-25.png,base6-25,False,False,False,base1-49 (0.340) | base3-30 (0.337) | base4-58 (0.332) | base4-24 (0.330) | base2-24 (0.328)
MobileCLIP2-S0/dfndr2b,art,base1-1.heic,base1-1,True,True,False,base4-1 (0.814) | base1-1 (0.813) | base6-1 (0.797) | base1-4 (0.786) | base4-4 (0.770)
MobileCLIP2-S0/dfndr2b,art,base1-12.jpg,base1-12,True,True,False,base6-17 (0.931) | base4-13 (0.925) | base1-12 (0.897) | base2-12 (0.733) | base2-10 (0.706)
MobileCLIP2-S0/dfndr2b,art,base1-14.jpg,base1-14,True,True,False,base4-16 (0.882) | base1-14 (0.874) | base3-14 (0.780) | base6-7 (0.761) | base3-29 (0.753)
MobileCLIP2-S0/dfndr2b,art,base1-15.jpg,base1-15,True,True,False,base6-18 (0.801) | base4-18 (0.771) | base1-15 (0.737) | base1-4 (0.682) | base6-3 (0.661)
MobileCLIP2-S0/dfndr2b,art,base1-2.heic,base1-2,False,False,False,base2-20 (0.661) | base6-14 (0.656) | base6-35 (0.643) | base2-45 (0.638) | base2-16 (0.636)
MobileCLIP2-S0/dfndr2b,art,base1-2_2.heic,base1-2,False,False,False,base2-20 (0.635) | base6-14 (0.631) | base4-87 (0.608) | base3-14 (0.607) | base6-35 (0.605)
MobileCLIP2-S0/dfndr2b,art,base1-4.heic,base1-4,True,True,False,base6-3 (0.944) | base1-4 (0.935) | base4-4 (0.935) | base2-45 (0.827) | base3-1 (0.823)
MobileCLIP2-S0/dfndr2b,art,base1-4_2.heic,base1-4,True,True,False,base6-3 (0.889) | base1-4 (0.875) | base4-4 (0.873) | base3-1 (0.804) | base3-16 (0.752)
MobileCLIP2-S0/dfndr2b,art,base1-4_3.jpg,base1-4,True,True,False,base6-3 (0.869) | base1-4 (0.861) | base4-4 (0.859) | base3-1 (0.770) | base6-31 (0.753)
MobileCLIP2-S0/dfndr2b,art,base1-4_4.heic,base1-4,True,True,False,base6-3 (0.908) | base4-4 (0.893) | base1-4 (0.892) | base3-1 (0.833) | base2-45 (0.787)
MobileCLIP2-S0/dfndr2b,art,base2-13.jpg,base2-13,True,True,False,base2-29 (0.869) | base2-13 (0.866) | base4-31 (0.866) | base2-16 (0.712) | base4-19 (0.705)
MobileCLIP2-S0/dfndr2b,art,base3-13.jpg,base3-13,True,True,False,base3-28 (0.777) | base3-13 (0.746) | base6-16 (0.743) | base1-4 (0.700) | base3-34 (0.697)
MobileCLIP2-S0/dfndr2b,art,base3-20_2.heic,base3-20,False,True,False,base4-59 (0.677) | base6-35 (0.676) | base2-20 (0.674) | base3-5 (0.673) | base4-87 (0.672)
MobileCLIP2-S0/dfndr2b,art,base3-20_3.jpg,base3-20,False,True,False,base6-35 (0.669) | base4-59 (0.666) | base4-87 (0.664) | base2-45 (0.661) | base3-5 (0.661)
MobileCLIP2-S0/dfndr2b,art,base3-3.heic,base3-3,False,False,False,base4-87 (0.556) | base2-20 (0.548) | base1-58 (0.540) | base1-4 (0.531) | base6-14 (0.529)
MobileCLIP2-S0/dfndr2b,art,base3-4.jpg,base3-4,False,False,False,base6-3 (0.662) | base1-4 (0.659) | base4-4 (0.649) | base3-1 (0.631) | base6-35 (0.629)
MobileCLIP2-S0/dfndr2b,art,base4-3.jpg,base4-3,True,True,False,base1-3 (0.737) | base4-3 (0.716) | base4-6 (0.636) | base1-5 (0.618) | base4-19 (0.599)
MobileCLIP2-S0/dfndr2b,art,base6-1.heic,base6-1,True,True,False,base4-1 (0.907) | base6-1 (0.906) | base1-1 (0.895) | base2-10 (0.812) | base4-4 (0.784)
MobileCLIP2-S0/dfndr2b,art,base6-1_2.png,base6-1,False,True,False,base2-20 (0.694) | base6-1 (0.693) | base4-1 (0.689) | base6-35 (0.686) | base6-3 (0.681)
MobileCLIP2-S0/dfndr2b,art,base6-25.png,base6-25,False,False,False,base1-100 (0.623) | base4-128 (0.607) | base4-127 (0.538) | base1-101 (0.525) | base4-129 (0.520)
